name,last_name,email,birthday,phone,city,country
Melanie,Hodges,rhondaadams@yahoo.com,1998-04-04,+52 2860679,Mexico City,Mexico
Jessica,Barrett,michael04@yahoo.com,1992-02-20,+1 4088036,Los Angeles,United States
Wendy,Jones,vroberson@hotmail.com,1980-12-22,+34 6878987,Valencia,Spain
Richard,Jones,pwright@hotmail.com,1960-11-30,+52 3528441,Monterrey,Mexico
Joseph,Cook,danielskimberly@gmail.com,1937-11-29,+52 7067444,Mexico City,Mexico
Martin,Cole,sara87@hotmail.com,1939-12-05,+1 2712442,Los Angeles,United States
Emily,Wilson,susan12@gmail.com,1964-10-01,+54 2108413,Buenos Aires,Argentina
Aaron,Brewer,christine25@gmail.com,1999-08-17,+34 9447548,Madrid,Spain
Amanda,Mack,ralexander@yahoo.com,1934-02-26,+1 9841802,Chicago,United States
Shannon,Robinson,kurt88@hotmail.com,1942-11-23,+34 8676981,Barcelona,Spain
Stephanie,Santiago,walshsusan@gmail.com,1945-04-30,+34 2335332,Barcelona,Spain
Donna,Mosley,marcusrivera@hotmail.com,1941-04-15,+34 2907222,Barcelona,Spain
Susan,Mcgrath,hamiltonscott@yahoo.com,1940-09-14,+56 3552554,Santiago,Chile
Debra,English,chelseajones@hotmail.com,1946-03-26,+56 9650733,Concepción,Chile
Brandon,Maynard,wgarcia@yahoo.com,1957-12-06,+56 4235852,Santiago,Chile
Paul,Smith,ishannon@gmail.com,1981-03-17,+54 6160052,Rosario,Argentina
Bianca,Collier,wardjeffery@gmail.com,2001-10-19,+54 7683756,Rosario,Argentina
Alyssa,Torres,gmiles@hotmail.com,1980-05-30,+34 3934107,Madrid,Spain
Pamela,Martin,fowlerreginald@yahoo.com,1986-12-03,+34 1778004,Valencia,Spain
John,Blankenship,russelltyrone@gmail.com,1938-12-12,+54 4042670,Córdoba,Argentina
Willie,Tate,pashley@gmail.com,1985-06-09,+1 9800858,Los Angeles,United States
Calvin,Yates,goodwinjay@hotmail.com,1967-07-04,+54 4997359,Rosario,Argentina
Lisa,Knight,lewischristy@hotmail.com,1968-04-25,+54 1944282,Rosario,Argentina
Jeffrey,Mccall,wallacejanice@hotmail.com,1987-11-14,+34 6893898,Barcelona,Spain
Victor,Price,zbrown@hotmail.com,1967-04-07,+52 5670168,Guadalajara,Mexico
Kathleen,Andrews,vharris@yahoo.com,1971-09-21,+54 3311343,Rosario,Argentina
Donald,Yoder,flemingtheresa@hotmail.com,1942-01-07,+34 8791850,Madrid,Spain
James,Jordan,jamieyoder@gmail.com,1950-01-31,+52 7109478,Guadalajara,Mexico
Angela,Rubio,reevescourtney@hotmail.com,1944-10-15,+52 6532596,Mexico City,Mexico
William,Hill,frederickingram@hotmail.com,1960-09-21,+52 5844493,Monterrey,Mexico
Rhonda,Vazquez,lalvarez@yahoo.com,1965-03-21,+54 6897927,Córdoba,Argentina
Bryan,Steele,john84@hotmail.com,2003-07-31,+56 3711403,Concepción,Chile
Steve,Griffin,jesse85@hotmail.com,1939-02-15,+52 5092139,Monterrey,Mexico
Natalie,Velazquez,brightdaniel@gmail.com,2002-04-30,+34 5756042,Madrid,Spain
Theresa,Stewart,thomas42@gmail.com,1967-01-10,+54 8380234,Córdoba,Argentina
Debbie,Patterson,campbellcaleb@hotmail.com,1992-07-03,+56 3217074,Santiago,Chile
Stacey,Herrera,monica13@yahoo.com,1955-12-24,+54 7260542,Rosario,Argentina
David,Kennedy,pholden@hotmail.com,1942-11-25,+34 6999578,Barcelona,Spain
David,Green,oreynolds@hotmail.com,1997-04-29,+56 4920332,Santiago,Chile
John,York,fwarner@gmail.com,2002-03-16,+52 7871640,Guadalajara,Mexico
Molly,Olson,javier85@gmail.com,1992-06-20,+52 4956275,Mexico City,Mexico
Gabriella,Ward,madelinehernandez@hotmail.com,1975-07-18,+1 8075712,New York,United States
Jane,Flynn,ymccoy@yahoo.com,1971-02-05,+34 5928249,Barcelona,Spain
Monica,Richmond,dparsons@yahoo.com,2000-05-27,+52 9783794,Mexico City,Mexico
Julie,Murphy,wfitzgerald@hotmail.com,1961-01-02,+56 3018380,Valparaíso,Chile
Glenn,Garcia,teresabuck@gmail.com,1970-05-21,+56 5068250,Valparaíso,Chile
David,Johnson,danielle86@yahoo.com,1934-08-12,+54 6065255,Buenos Aires,Argentina
Brandy,Castillo,ljordan@gmail.com,1971-09-03,+56 8844382,Valparaíso,Chile
Julie,Mack,carlsonamanda@hotmail.com,1966-06-20,+52 9481837,Guadalajara,Mexico
Renee,Hernandez,dtucker@yahoo.com,1951-11-26,+52 4837900,Mexico City,Mexico
Gregory,Becker,jeffreyvasquez@yahoo.com,1963-05-18,+52 9693869,Monterrey,Mexico
John,Williams,yatescody@yahoo.com,1961-07-08,+54 9053356,Córdoba,Argentina
Brian,Hogan,mdavenport@yahoo.com,1949-08-04,+54 2382254,Córdoba,Argentina
Erin,Nixon,evanstaylor@hotmail.com,2005-04-07,+56 4715771,Valparaíso,Chile
Cheryl,Snyder,charles91@hotmail.com,1957-12-14,+1 7442814,New York,United States
Antonio,Morris,baileyashlee@yahoo.com,1944-04-20,+34 3738352,Valencia,Spain
Andrew,Dalton,christopher03@yahoo.com,1968-07-22,+52 4914910,Guadalajara,Mexico
Kara,Robinson,travis05@gmail.com,1978-09-10,+56 6379386,Concepción,Chile
Willie,Miller,xrussell@yahoo.com,1966-05-22,+52 8014109,Monterrey,Mexico
Natalie,Rhodes,marycox@yahoo.com,1976-10-19,+1 9957519,New York,United States
Elizabeth,Potter,michaelcardenas@yahoo.com,1981-07-03,+52 4183265,Guadalajara,Mexico
Trevor,Park,dcampos@yahoo.com,1950-05-23,+1 7543820,New York,United States
Jose,Hebert,thompsontodd@gmail.com,1990-09-03,+54 8594628,Rosario,Argentina
Terri,Newton,webbthomas@yahoo.com,1949-11-02,+34 4667445,Madrid,Spain
John,Smith,williamsdeborah@gmail.com,1996-07-22,+54 2704045,Córdoba,Argentina
Joshua,Bryant,bankskaren@gmail.com,1995-06-17,+1 1062549,Los Angeles,United States
Lauren,Jenkins,ppierce@hotmail.com,1960-05-15,+1 4159718,Los Angeles,United States
Douglas,Barnes,sylvia12@hotmail.com,1980-12-20,+52 7235558,Monterrey,Mexico
Eric,Alvarez,james66@hotmail.com,1938-07-17,+56 6523266,Santiago,Chile
Ryan,Duffy,michelle58@gmail.com,1997-11-11,+34 8188087,Madrid,Spain
Justin,Sanders,ashley21@gmail.com,1966-05-17,+34 8629231,Madrid,Spain
Thomas,Carlson,summer71@yahoo.com,1934-09-08,+52 4489696,Monterrey,Mexico
Kathy,Valencia,garrettshaw@hotmail.com,1957-02-14,+52 4653149,Mexico City,Mexico
Angela,Conley,harrisondavid@yahoo.com,1994-07-11,+56 4288699,Santiago,Chile
David,Johnson,lambertrobert@hotmail.com,1964-08-31,+52 2671694,Monterrey,Mexico
Suzanne,Hines,reginapoole@gmail.com,1954-01-14,+1 3422888,Los Angeles,United States
Anna,Neal,martinjonathan@yahoo.com,1968-08-04,+54 4425351,Buenos Aires,Argentina
Patricia,Martinez,justinfrank@gmail.com,1970-06-01,+1 7520511,Chicago,United States
Nicole,Evans,maldonadonichole@hotmail.com,1968-03-07,+52 8258494,Guadalajara,Mexico
Stephanie,Moran,elizabeth87@gmail.com,1987-10-20,+1 5321958,New York,United States
Karen,Soto,bailey70@yahoo.com,1982-05-20,+54 5976990,Córdoba,Argentina
Melissa,Garner,annsingleton@gmail.com,1994-11-28,+56 8476840,Concepción,Chile
Steven,Kelley,rkemp@yahoo.com,1973-02-04,+52 3809443,Guadalajara,Mexico
William,Watts,omoore@gmail.com,1950-08-12,+56 7435665,Valparaíso,Chile
Mary,Fox,tharrison@gmail.com,1967-01-24,+34 1740478,Barcelona,Spain
Craig,Thompson,christinaflores@gmail.com,1975-12-30,+52 3814745,Guadalajara,Mexico
Jennifer,Snyder,wesley26@gmail.com,1999-04-30,+56 5885139,Santiago,Chile
Katrina,Miller,sonya03@hotmail.com,1991-06-01,+56 9583860,Concepción,Chile
Robert,Gutierrez,rtaylor@gmail.com,1962-10-14,+1 2454811,New York,United States
Anne,Perkins,hhuffman@gmail.com,2001-12-07,+56 8242061,Valparaíso,Chile
Christopher,Ball,patrick93@yahoo.com,1954-11-24,+1 5788425,Los Angeles,United States
Stephen,Moreno,tyronebrown@hotmail.com,1976-08-14,+34 2423481,Barcelona,Spain
Rachel,Holden,randallpatricia@yahoo.com,1978-09-02,+34 5848290,Valencia,Spain
Morgan,Nelson,rfisher@hotmail.com,1934-10-24,+1 2407936,New York,United States
Alex,Cabrera,vwhite@yahoo.com,1944-03-06,+56 2226326,Valparaíso,Chile
Ian,Andrade,jesse05@gmail.com,1988-10-03,+34 5654002,Madrid,Spain
Sean,Walker,kenneth50@hotmail.com,1984-01-03,+34 6149841,Barcelona,Spain
Angela,Lane,gregory58@hotmail.com,1988-04-11,+52 8053025,Monterrey,Mexico
Rachel,Page,rachelbrown@hotmail.com,1987-12-09,+54 1768982,Córdoba,Argentina
Courtney,Patterson,courtneyparker@hotmail.com,1963-09-06,+54 1508734,Córdoba,Argentina
